Variable, Year, value, ymin, ymax
Cur_B0,NA,0.183339,0.183339,0.183339
Cur_Bmsy,NA,0.580064,0.580064,0.580064
Cur_90,NA,1.11462,1.11462,1.11462
aveRY_90,NA,143.561,143.561,143.561
aveRY_last5,NA,153.862,153.862,153.862
