Variable, Year, value, ymin, ymax
Cur_B0,NA,0.0947098,0.0947098,0.0947098
Cur_Bmsy,NA,0.271879,0.271879,0.271879
Cur_90,NA,1.17406,1.17406,1.17406
aveRY_90,NA,141.735,141.735,141.735
aveRY_last5,NA,140.514,140.514,140.514
