Variable, Year, value, ymin, ymax
Cur_B0,NA,0.15842,0.15842,0.15842
Cur_Bmsy,NA,0.494986,0.494986,0.494986
Cur_90,NA,0.93833,0.93833,0.93833
aveRY_90,NA,141.576,141.576,141.576
aveRY_last5,NA,146.762,146.762,146.762
